d:/E-Book-new/E-book/DBMS, SQL/Ben_Forta_-_SQL_za_10_minut_4-e_izdanie_2014.zip;12983121;461aec0915e4fddea1fd58e86feea0f81aebac2557115d3fbf150684f5291d29;
d:/E-Book-new/E-book/DBMS, SQL/Beyli_L_-_Izuchaem_SQL_Bestsellery_O_39_Reilly_-_2012.pdf;16507347;48d2572a95171e1f662f0922ca036c83643b7eabec543023bd55bfb2cb6f739e;
d:/E-Book-new/E-book/DBMS, SQL/Deyt_K_Dzh_-_SQL_i_relyatsionnaya_teoria_Kak_gram.pdf;4971299;c36df94cdaf6f10bad9b1d26d4ee6d2a4f97970d7e449efb82d1d108f20cd59a;
d:/E-Book-new/E-book/DBMS, SQL/Head_First_SQL_-_v2.pdf;16507347;48d2572a95171e1f662f0922ca036c83643b7eabec543023bd55bfb2cb6f739e;
d:/E-Book-new/E-book/DBMS, SQL/Kayl_Benker_-_MongoDB_v_deystvii_-_2012.djvu;4837870;c5ba76c6cc214155038d82ff6622d7a80a6dca73959e5f9c90b3fd39a15858f7;
d:/E-Book-new/E-book/DBMS, SQL/K_Dzh_Deyt_Vvedenie_v_sistemy_baz_dannykh.pdf;35356660;9f45d2f236cd481383392bdbf7ca5548a731a1d7c82dcc410c9b1f0e548aaf09;
d:/E-Book-new/E-book/DBMS, SQL/Martin_Gruber_-_Ponimanie_SQL.pdf;1482292;fb0623a60d509312cc54bcceef2536df1ec5ca98590c084ea997e4a1026594d1;
d:/E-Book-new/E-book/DBMS, SQL/MySQL50LibraryProgrammerHoltzman.pdf;3796502;8047aaedfff349716ce8c30ea1834ac0f97fd12f56a03d25e8990fe86147bfd7;
d:/E-Book-new/E-book/DBMS, SQL/Nastroika_SQL_Dlya_professionalov.djvu;5991589;088ddca6a4d86cca4a2de02a4551e61835f812f66205ed1c2f0bad8bfdf2f21b;
d:/E-Book-new/E-book/DBMS, SQL/NoSQL. Новая методология разработки нереляционных баз данных.pdf;17848797;0ae237f304bb7be89ea20b6e6cacbdfbb058c8b952f058a50ee34f185615c469;
d:/E-Book-new/E-book/DBMS, SQL/Oracle_dlia_professionalov_2011.pdf;47126129;8e59acc22886723e2c4acf73e73b2fa594f6a1e278d70f27b7350f3e16bb38c0;
d:/E-Book-new/E-book/DBMS, SQL/Oracle_dlya_professionalov_Arkhitektura_metodi.pdf;47125517;f7cfff1d9844eaadc2c828bdbd96fed4ca6b131777063e2d6d0f814f05adfbec;
d:/E-Book-new/E-book/DBMS, SQL/Oracle_PL_SQL_Dlya_professionalov_6-e_izdanie.pdf;8863452;ba4b2bce5b99c6c3dc5281a7d015d2773ff8aa12f896f3a028765cad537f936a;
d:/E-Book-new/E-book/DBMS, SQL/Peter Gulutzan, Trudy Pelzer. SQL Performance Tuning.chm;1462458;00b4974cb811682e1211678d27a919fb4039891d835db096ed3cad61a1ca3ebb;
d:/E-Book-new/E-book/DBMS, SQL/PL-SQL. Руководство пользователя и справочник.rar;268260;ab0f671191f02600b5acf602a4b8be2f2bd5c05842cd56c6a30c51a185f46626;
d:/E-Book-new/E-book/DBMS, SQL/postgresql.pdf;1847562;57cdfd48f495e32039ab1c1b9a4af08d3446e1787c62da476fb195ec6206d993;
d:/E-Book-new/E-book/DBMS, SQL/Programmirovanie_baz_dannykh_SQL_Tipichnye_oshibk.djvu;9149518;30cea644a6bb383aee3a50d9a404a7de14012bdda5afb0a5ac4159c690309c7e;
d:/E-Book-new/E-book/DBMS, SQL/Sem_baz_dannykh_za_sem_nedel.pdf;5351083;4c55cc8e87af7bfe775fac70573c564ea14ccaaafd4d9b821ae1d39cfbd6dc7d;
d:/E-Book-new/E-book/DBMS, SQL/Shvarts_B__Zaytsev_P__Tkachenko_V_i_dr_-_MySQL.pdf;8092859;2dda063bea9a8a233e781089acc20044cdce64dcf79e97e708c59fa81d05eda0;
d:/E-Book-new/E-book/DBMS, SQL/SQL Server 2000 XML.djvu;14986455;f11f54ff59015ea0d2ded57428d8d8c085e11f0bee90da7e26f5bd624bd45476;
d:/E-Book-new/E-book/DBMS, SQL/SQL Server 2005 Bible.pdf;33879401;0ddbcb73cd6f75cf6f80a071c5504a12e8c02c4c346939dbb7389982997b2e12;
d:/E-Book-new/E-book/DBMS, SQL/SQL для простых смертных.pdf;11794374;0ec9bef3c18600ba9fa4cae09626b4914c82885fe10ccd08b658e09536dfcaab;
d:/E-Book-new/E-book/DBMS, SQL/SQL Полное руководство.djvu;10294682;9b84e73e6ac46673ca60f8e0b8ee79f7bd152de2aa43c17db967a1ad542ab2aa;
d:/E-Book-new/E-book/DBMS, SQL/SQL-сборник рецептов (O'Reilly).pdf;3704362;5954090a12e3963844248014b5187bb73e47ed5748702e587639ee3f077d072d;
d:/E-Book-new/E-book/DBMS, SQL/SQL.JamesGroff.djvu;10294682;9b84e73e6ac46673ca60f8e0b8ee79f7bd152de2aa43c17db967a1ad542ab2aa;
d:/E-Book-new/E-book/DBMS, SQL/SQL.pdf;3789091;a8f2c134c88a32deffed06518ce3519cd23945e7262275937c1a5fb0deb0d080;
d:/E-Book-new/E-book/DBMS, SQL/SQL_Biblia_polzovatelya_2-e_izdanie_-_2010.pdf;25862027;00a98027124fdf41aa1ac35aa940de78e4bf52ad098b4d77a60e7eb7f99216c3;
d:/E-Book-new/E-book/DBMS, SQL/SQL_Polnoe_rukovodstvo_3-e_izdanie.pdf;28895453;be7237716d36aad5568831802d556eb2ad9d86537f750b87a3f2d37d387375db;
d:/E-Book-new/E-book/DBMS, SQL/SQL_Polnoe_rukovodstvo_Vtoroe_izdanie.djvu;10294682;9b84e73e6ac46673ca60f8e0b8ee79f7bd152de2aa43c17db967a1ad542ab2aa;
d:/E-Book-new/E-book/DBMS, SQL/Бервинов С.Г., Деревянко А.С. Практикум по языку SQL.rar;34449;366c5bb5454dbff23a5ceea6cbe03a4372e4ef4f8e77a09fcdfa1ed762baaf1e;
d:/E-Book-new/E-book/DBMS, SQL/В.В.Кириллов, Г.Ю.Громов. Структуризированный язык запросов (SQL). (Уч. пособие).rar;69602;2dacff3d6a0e63e2eb456bd954d0cba4a695d0491cb0b61f891cb1c33d13e351;
d:/E-Book-new/E-book/DBMS, SQL/Дейт К.Дж. - SQL и реляционная теория. Как грамотно писать код на SQL - 2010.pdf;4971299;c36df94cdaf6f10bad9b1d26d4ee6d2a4f97970d7e449efb82d1d108f20cd59a;
d:/E-Book-new/E-book/DBMS, SQL/Душан Петкович - Microsoft SQL Server 2008. Руководство для начинающих - 2009.djvu;11564650;421077ba30d7e2b74a94938928308ef0288e971beeb5749eabcab7691f58ea45;
d:/E-Book-new/E-book/DBMS, SQL/К.Е.Кляйн, Д.Кляйн, Б.Хант - SQL. Справочник, 3-е издание - 2010.pdf;6307934;cda06d1db2f2d3caab72e2f1502d1e4fb4f1574d9eb4ff86edbd8509bb7c6d5e;
d:/E-Book-new/E-book/DBMS, SQL/Карвин Б. - Программирование баз данных SQL. Типичные ошибки и их устранение (Профессиональные компьютерные книги) - 2012.djvu;9149518;30cea644a6bb383aee3a50d9a404a7de14012bdda5afb0a5ac4159c690309c7e;
d:/E-Book-new/E-book/DBMS, SQL/Малкольм Г.  Программирование для Microsoft SQL Server 2000 с использованием XML.pdf;33640829;73b2017b0432719d51d986c828f58fb76daeda7b113fd991d4aee0d730e226a5;
d:/E-Book-new/E-book/DBMS, SQL/Понимание SQL.rar;304664;bc9d10c4a6acf290feb36fb2bb2b43f29c06d952f16c1e0393a1fa7b7c3b5fdd;
d:/E-Book-new/E-book/DBMS, SQL/Презентация по курсу _Основы Transact-SQL_.ppt;101888;53cc9a306e8e5be2fe06042fb24210a571b54d22148f00b711543527b4e02f9e;
d:/E-Book-new/E-book/DBMS, SQL/Программирование баз данных SQL. Типичные ошибки и их устранение.djvu;9149518;30cea644a6bb383aee3a50d9a404a7de14012bdda5afb0a5ac4159c690309c7e;
d:/E-Book-new/E-book/DBMS, SQL/С.Д.Кузнецов. Стандарты языка реляционных баз данных SQL- краткий обзор.rar;27371;12f103cfee13db172ec90009b6f8ee44f3b040c1277ec3773245ccdf5cdddf3e;
d:/E-Book-new/E-book/DBMS, SQL/Справочник по Perl DBI для mSQL-mySQL.rar;367986;8ae6d5de0a709a43b3a93a9705902be58a93a46a419c5d01d9cdbc5c5c58cc4c;
d:/E-Book-new/E-book/DBMS, SQL/Справочное руководство по MySQL версии 4.0.11-gamma.rar;1694156;dd29eb52062928d9dd82965f3b0b19f6544c90adaaebfb599d50860deb62712e;
d:/E-Book-new/E-book/DBMS, SQL/Структуризированный язык запросов (SQL)(Учебное пособие).rar;104342;88151ee3b584979268ca3a8a4730042772de03eacd9d6bb8011d2c7e190bd5ef;
d:/E-Book-new/E-book/DBMS, SQL/Сэм Р. Алапати - Oracle Database 11g. Руководство администратора баз данных - 2010.pdf;16129000;acc32e593fdb7fa6f3877aecd263904e32f03873b4748def70fc67cae316a434;
d:/E-Book-new/E-book/DBMS, SQL/Теория и практика построения баз данных.djvu;10012559;7221fc5698ed4a223cedf76f1f24b61fb8c2c7d21fd322304f66eb71e7f16637;
d:/E-Book-new/E-book/DBMS, SQL/Шварц Б., Зайцев П., Ткаченко В. и др. - MySQL. Оптимизация производительности (2-е издание) - 2010.pdf;8092859;2dda063bea9a8a233e781089acc20044cdce64dcf79e97e708c59fa81d05eda0;
d:/E-Book-new/E-book/DBMS, SQL/EPAM course/00 Введение.ppt;140288;f5568973082cd55e576c3fe771197b1915bbd96c025add5779ae765adb5f4744;
d:/E-Book-new/E-book/DBMS, SQL/EPAM course/01 Написание простейших выражений на SQL.ppt;159744;c0b745d5c8f8d402a395f4ba31c6dac7669c4719ef204dbcc0e8ca6290e1c305;
d:/E-Book-new/E-book/DBMS, SQL/EPAM course/02 Ограничение и сортировка данных.ppt;204288;7311d2315f3ed885ec5fb05ceeb2fd3656ba093a822723f13977a4a892a6b514;
d:/E-Book-new/E-book/DBMS, SQL/EPAM course/03 Функции для одной строки.ppt;235008;f9b0529e56820ed41d83d2aa369334f4b917d60077b2e429f75ab8e48dbd153e;
d:/E-Book-new/E-book/DBMS, SQL/EPAM course/04 Вывод данных из нескольких таблиц.ppt;200192;f33e7971719e69b72ddd06336b8ff0bfca9a00b416e0d4798fcd5f369e6a250b;
d:/E-Book-new/E-book/DBMS, SQL/EPAM course/05 Агрегирование данных с использованием функций группировки.ppt;202752;12df301678225d0a4f9f0d55fa3fe63a1a8d9b8dc7470c4180cd20b6a069b6e2;
d:/E-Book-new/E-book/DBMS, SQL/EPAM course/06 Вложенные запросы.ppt;186880;c178fe97414e38e26dc7c5b0a51d1ad11dca024ffbc638be2c46dd6104a19bdb;
d:/E-Book-new/E-book/DBMS, SQL/EPAM course/07 Многостолбцовые подзапросы.ppt;151552;c24e270f6f504aae81a1017bda37af669e2d579ba5baa11652f6ebc6ad07a066;
d:/E-Book-new/E-book/DBMS, SQL/EPAM course/09 Манипулирование данными.ppt;342016;2c793740c94ce22d7102e6597414415b8b8b9a83379a86cc5e5f54dbf9b1105b;
d:/E-Book-new/E-book/DBMS, SQL/EPAM course/10 Создание и управление таблицами.ppt;385024;2c95d4ec81f340e7d8d3706ae1736efc6ab2740f3ff3ab5b71ddab815d07ae26;
d:/E-Book-new/E-book/DBMS, SQL/EPAM course/11 Наложение ограничений.ppt;452608;3fbd89ee2268fe548a6f1738813fc98b950acf7acc850af93e8671d1832ecdc2;
d:/E-Book-new/E-book/DBMS, SQL/EPAM course/myDiagram.bmp;3932214;2a232086840c7b6540f308bcffca26f51aba3976bc41169b6ee00651d9df2856;
d:/E-Book-new/E-book/DBMS, SQL/EPAM course/UniversTables.xls;17408;59dfea9a4f52f6aed3bb7b459db8e542efac074518be0746b62a3dd5264e5b0d;
d:/E-Book-new/E-book/DBMS, SQL/EPAM course/База.bmp;4619174;d91d658c4b8d0f1d6bc2ff6c162efbcb7f90ec3682c4540b994b6e663565bbfd;
d:/E-Book-new/E-book/DBMS, SQL/EPAM course/Задание по SQL встроенные процедуры  функции.doc;70656;abed4e04e4a4be7118cf595eecb33b877f8e88f6b7dcec573faa791a803970f5;
d:/E-Book-new/E-book/DBMS, SQL/EPAM course/Задание по SQL.doc;28160;29f4941550360b8583192a7662b91d211b33d097b95fecb4222942a7fea3fc81;
d:/E-Book-new/E-book/DBMS, SQL/EPAM course/Лекция по Diagrams.doc;1393152;f152c631c0b34cb5690625f067065d3f17c138045246133fe0d4ee3731bcd649;
d:/E-Book-new/E-book/DBMS, SQL/EPAM course/Лекция по DML-запросам.doc;313344;d0609d6d74b94ad5eb53087bed040ec956ac5aa4664230a59e20f7fde124510e;
d:/E-Book-new/E-book/DBMS, SQL/EPAM course/Лекция по MS SQL Server.doc;4590080;ee9198a9232e95e7a152af6f3f20b849d04809b2d90d7097e254de6c9ba51793;
d:/E-Book-new/E-book/DBMS, SQL/EPAM course/Лекция по MS SQL Server.pdf;3771618;c63ebfdc1fceb287d8f189c7dcd7b353046eac7da8dc6922e4c238d580076c60;
d:/E-Book-new/E-book/DBMS, SQL/EPAM course/Презентация по DML-запросам.ppt;168448;8fcfba32ae80f0166164376e5a7191604ff611c3ddcf1d6607a3243bd32ad508;
d:/E-Book-new/E-book/DBMS, SQL/EPAM course/Презентация по курсу _Основы Transact-SQL_.ppt;101888;14ba5472ebee95cb019d50a6b0f90ed8f6779fbfa497d0a104d5e3e6fd15ab8b;
d:/E-Book-new/E-book/DBMS, SQL/EPAM course/Презентация по курсу _Хранимые процедуры и функции_.ppt;139776;f16a2ac4070357a12bf912ef58c3abed4ea26b9d27b0d735e8eff6d1863ff8c1;
d:/E-Book-new/E-book/DBMS, SQL/EPAM course/DataBaseBackups/1;1985024;6c764bd63966db3f5562a5b21320999c2255c51c18c861be60ad3d57a9081764;
d:/E-Book-new/E-book/DBMS, SQL/EPAM course/DataBaseBackups/BDbackup.bak;8722944;8a06ecfcae1cf138ccb6dd838f966715bf00d44a1dc475d8b8f83c7b8b58bb3f;
d:/E-Book-new/E-book/DBMS, SQL/EPAM course/DataBaseBackups/epam_inc-dec-i.bak;1985024;374e98837ae9c9aedf7fe630a28b77c6fc17a3a8e3b4c1b9a63ef0c46e8c3a8c;
d:/E-Book-new/E-book/DBMS, SQL/EPAM course/DataBaseBackups/my_db;1657344;da2ffbd2bc05d34268c8a79979ca36ffeee86e1e7514eb2fe34a210fe83bd2db;
d:/E-Book-new/E-book/DBMS, SQL/EPAM course/DataBaseBackups/Univer_01;3575296;d6417b9a02d74478a3c539f0b87bd75bd252eac8d188eb331715e9d90ff1b3ad;
d:/E-Book-new/E-book/DBMS, SQL/EPAM course/DataBaseBackups/univer_1;2181632;6281997c87dd7c7ddd07f5e98fdd556bb958351e1a54cf5e136ffc704be44d65;
d:/E-Book-new/E-book/DBMS, SQL/EPAM course/DataBaseBackups/univer_2;1722880;e4ee09a00f602a02fa989387e5f95edd733846cd59bb4b22f0f1f3eaeaa5c826;
d:/E-Book-new/E-book/DBMS, SQL/EPAM course/DataBaseBackups/Univer_with_data;1985024;aa09e1f4468c9d8655ae3d644adc256b76deaf3723e49d680f14517de788eda9;
d:/E-Book-new/E-book/DBMS, SQL/EPAM course/Functions/hz1/AllHead.sql;1564;baf80f379d7bfc90c3a23af3761f69e13b469fa89e88ef3d535a14605da35f85;
d:/E-Book-new/E-book/DBMS, SQL/EPAM course/Functions/hz1/AvgBall.sql;2358;5fdd1e480a90d4addc479e122dd360eb5839b05ba6e172e1bcd04797ca12dca8;
d:/E-Book-new/E-book/DBMS, SQL/EPAM course/Functions/hz1/AvgBallSpec.sql;1946;4401404adb4f961d2298900b1da8805c0c401ee6601af0297db59740f20e31a9;
d:/E-Book-new/E-book/DBMS, SQL/EPAM course/Functions/hz1/AvgMarksFaculty.sql;1878;d0d1c74b58c12a3779c0a6b29811f072937ce44d46ebe872ae3f58fe12285524;
d:/E-Book-new/E-book/DBMS, SQL/EPAM course/Functions/hz1/AvgSalary.sql;2110;f4155354b8443651f8dd736ed8d5cde6222e13452efcfb9ca3b35ebdae0ae724;
d:/E-Book-new/E-book/DBMS, SQL/EPAM course/Functions/hz1/HeadDepartment.sql;1822;5331d5a726b17498759aa6923e11687ab946f314d5c76ff8dffa3d4b2cd472ff;
d:/E-Book-new/E-book/DBMS, SQL/EPAM course/Functions/hz1/HireDate.sql;2002;886432ab1de4143830984f969fb16b3f19e8f3c6b96c9a06777fc8a66aab8b1d;
d:/E-Book-new/E-book/DBMS, SQL/EPAM course/Functions/hz1/MarksAvg.sql;1650;068d95506c25cfa256fc5744c04c76f7b030d94840de732ab4c219b86205e837;
d:/E-Book-new/E-book/DBMS, SQL/EPAM course/Functions/hz1/MarksSum.sql;1656;2897991d6af843b413a1e006fb53980bd49ee6b6b069089ce87404b4c2e53617;
d:/E-Book-new/E-book/DBMS, SQL/EPAM course/Functions/hz1/MarkUnsat.sql;1766;881c74ab18b63ffa8a1e8fd0e2a38c13ca4513038954251df1ce3ee4920a6f31;
d:/E-Book-new/E-book/DBMS, SQL/EPAM course/Functions/hz1/PositionStudent.sql;1730;e3f24e00e9c61d0ee020a8e608e5b465aefbf0fc08e89c343bf078047239c628;
d:/E-Book-new/E-book/DBMS, SQL/EPAM course/Functions/hz1/PositionWorker.sql;2084;fabf49952ef49797c71fffc899fe7ea35ba86eaf0e55eec6db37bb903b170158;
d:/E-Book-new/E-book/DBMS, SQL/EPAM course/Functions/hz1/SubjectsSpec.sql;2144;78b70f2550e960d7ad5f8d1e7cf74199da7700075d15a83ae67af930503c7b1e;
d:/E-Book-new/E-book/DBMS, SQL/EPAM course/Functions/TDVFunctions/FullCost.sql;1665;a82d6b29234fabe87ab5eacc8402aca1816000b6053e2fb14aa1500b1fa1711b;
d:/E-Book-new/E-book/DBMS, SQL/EPAM course/Functions/TDVFunctions/SQLQuery1.sql;367;18989d51ad65ca5e01e09ed1a38bea287e3b945e3bcbfe07d1a4337794ef585c;
d:/E-Book-new/E-book/DBMS, SQL/EPAM course/Functions/TDVFunctions/SQLQuery10.sql;1187;7b0ce6fb6611709da902caedb75a7b7212177699666a9a5f4a631c60c95676e2;
d:/E-Book-new/E-book/DBMS, SQL/EPAM course/Functions/TDVFunctions/SQLQuery11.sql;445;8ae2815f7a8f409b1733fb3e194357b9d98858b7e4860d464141e8d32221d14c;
d:/E-Book-new/E-book/DBMS, SQL/EPAM course/Functions/TDVFunctions/SQLQuery12.sql;511;85cb25ffb7aa06f58014e60533fc368a453aa4d944c472c4263ab56dd9d07016;
d:/E-Book-new/E-book/DBMS, SQL/EPAM course/Functions/TDVFunctions/SQLQuery13.sql;451;00d6ca156676accbb54572c97807e915773b537b95b7be58f490de861c581945;
d:/E-Book-new/E-book/DBMS, SQL/EPAM course/Functions/TDVFunctions/SQLQuery2.sql;369;0884e463f4dccf907d605fc58a180e40843f80c4e9f93ea5c36051902873333c;
d:/E-Book-new/E-book/DBMS, SQL/EPAM course/Functions/TDVFunctions/SQLQuery3.sql;532;0454b83f58982addd00381842b4667d1cb3d5468929e97dc06479eb7f0e1f4e4;
d:/E-Book-new/E-book/DBMS, SQL/EPAM course/Functions/TDVFunctions/SQLQuery4.sql;368;189535c5c05f1be723ab69de55b84f7278896a0ee8590118e19a9edf1a5a90e5;
d:/E-Book-new/E-book/DBMS, SQL/EPAM course/Functions/TDVFunctions/SQLQuery5.sql;1071;a981feb983beef86576cf8f75f276cea7e48d34f202f796a61a55a00195e9b83;
d:/E-Book-new/E-book/DBMS, SQL/EPAM course/Functions/TDVFunctions/SQLQuery6.sql;785;7c2a50d720a7aa2d8fb3123704a5208329f3b846ef81c49894ab9d9b47d91b27;
d:/E-Book-new/E-book/DBMS, SQL/EPAM course/Functions/TDVFunctions/SQLQuery7.sql;639;51841c846c9d28b0247b936539710bfb0790ed3eceb95ec927bc151a6c625cf2;
d:/E-Book-new/E-book/DBMS, SQL/EPAM course/Functions/TDVFunctions/SQLQuery8.sql;557;dc4cbc2940401e795820870a5bde855ec89758350956482427a4ef45ed3e86d3;
d:/E-Book-new/E-book/DBMS, SQL/EPAM course/Functions/TDVFunctions/SQLQuery9.sql;647;5e3fc14dce5164f2287556925abb3fc93b151513f058fead3fb761fe84deb4be;
d:/E-Book-new/E-book/DBMS, SQL/EPAM course/Functions/TDVFunctions/Querys/SQLQuery1.sql;444;5ff1fcd147ba483fa3987e8908684d3a0657ec3cb2de521369405ad21c88405e;
d:/E-Book-new/E-book/DBMS, SQL/EPAM course/Functions/TDVFunctions/Querys/SQLQuery10.sql;279;3f7bbbcc91a54d2436fe2a6b5caf364564d544b8d1de857391a7bef41fe2fa7d;
d:/E-Book-new/E-book/DBMS, SQL/EPAM course/Functions/TDVFunctions/Querys/SQLQuery2.sql;184;ed5898beab0c885694acb6fa077e8e7d799ed8478fcf145942487c404450b907;
d:/E-Book-new/E-book/DBMS, SQL/EPAM course/Functions/TDVFunctions/Querys/SQLQuery3.sql;473;9e33380fa1a545914f273aa7c743841ad6348d655c7408e2b4f6bab2a81c3d4e;
d:/E-Book-new/E-book/DBMS, SQL/EPAM course/Functions/TDVFunctions/Querys/SQLQuery4.sql;439;0afdc125ebe67c4a74c3b6b1de8ab4ef9fe31a781416fd4dea5e10953f75508f;
d:/E-Book-new/E-book/DBMS, SQL/EPAM course/Functions/TDVFunctions/Querys/SQLQuery5.sql;367;12a86125602a2cf2e27cf262bae1484b55e91f2047910cfe328a7905730281d8;
d:/E-Book-new/E-book/DBMS, SQL/EPAM course/Functions/TDVFunctions/Querys/SQLQuery6.sql;418;44289a9ab2ba12b4944993d9e78920e19c400a5544a8314e2b7ccf469ea9722b;
d:/E-Book-new/E-book/DBMS, SQL/EPAM course/Functions/TDVFunctions/Querys/SQLQuery7.sql;366;ac1a031f7dbafbb99d5718259e81f23c784d24567fbe6ccf5d32887940e34e92;
d:/E-Book-new/E-book/DBMS, SQL/EPAM course/Functions/TDVFunctions/Querys/SQLQuery8.sql;643;6a4940d3cfbc49daaf8c7d7b279ffb7f39afe9124b8d5cb6f318d03da0f25177;
d:/E-Book-new/E-book/DBMS, SQL/EPAM course/Functions/TDVFunctions/Querys/SQLQuery9.sql;528;8cff7789acdf9424ef13b7785f105fba8c84ad02a7c956fca1a591be560ddeb3;
d:/E-Book-new/E-book/DBMS, SQL/EPAM course/Querys/hz1.rar;6548;af35aefcb8469960e5cf39200816a4256d0a30a93d241a6de654dc9b32ed25c1;
d:/E-Book-new/E-book/DBMS, SQL/EPAM course/Querys/hz2.rar;229752;4db9e764c02e91cf394289df05a87eb7427f4c0433c5ab2e4396b4d655f99cee;
d:/E-Book-new/E-book/DBMS, SQL/EPAM course/Querys/TDVQuerys.rar;7678;579566e637f49e420fab020e48b5bdcaf643e31be4b9d1b55fdd096dd1956f35;
d:/E-Book-new/E-book/DBMS, SQL/MySQL/Kniga_Obespechenie_vysokoy_dostupnosti_sistem_n.pdf;8232431;10fd5b0e38042447928f3a8efa02b84e3c36f34294af6214b1dbd482425a0d27;
d:/E-Book-new/E-book/DBMS, SQL/Nilsen_SQL Server2005/Nilsen_SQL Server2005.pdf;69097071;fbce7fe471f857d52c8c02e2e1f33dd27296d5d0c4f9f8c23d45763b79a305ac;
d:/E-Book-new/E-book/DBMS, SQL/Nilsen_SQL Server2005/sqlserver2005bible.zip;757162;005f27724ede93776fab09870c44d4a63b036f0ef18a01c1ba4caead093076b5;
d:/E-Book-new/E-book/DBMS, SQL/Oracle NetCracker/DB. Unit 1/DB. Unit 1/00. Знакомство.ppt;119296;896a3e10beae88c29ebb001a9677afaeba2836a01ca43c7b821c5bb538bc463f;
d:/E-Book-new/E-book/DBMS, SQL/Oracle NetCracker/DB. Unit 1/DB. Unit 1/01. Введение в реляционные БД.ppt;430080;9bafd0112e6a2a65b865282269793c5ba1c42117fde1b77737ff19c7e40675e2;
d:/E-Book-new/E-book/DBMS, SQL/Oracle NetCracker/DB. Unit 1/DB. Unit 1/sql_00.ppt;434688;03739efcfa4299112024d5841e4b0db194b8f9a8fccba95824e7d2a69782a1d8;
d:/E-Book-new/E-book/DBMS, SQL/Oracle NetCracker/DB. Unit 1/DB. Unit 1/sql_01.ppt;279552;fffde7f18c8395210ef6b0fdf3d867e30ec9332d035fc99b4b9edfffc1f4370d;
d:/E-Book-new/E-book/DBMS, SQL/Oracle NetCracker/DB. Unit 1/DB. Unit 1/sql_02.ppt;196608;62345d54a1a113cb2429da32f5f5f5dbe56dd131229b20e213f0c823f161de30;
d:/E-Book-new/E-book/DBMS, SQL/Oracle NetCracker/DB. Unit 1/DB. Unit 1/sql_03.ppt;869888;313c857f8b4d0156ecfde7e699c1bc3827b5a8343db2408b4203e5ae67db2af0;
d:/E-Book-new/E-book/DBMS, SQL/Oracle NetCracker/DB. Unit 1/DB. Unit 1/sql_04.ppt;181760;b484f331bc5d84eebb41f3f5911a0bbc89201c223e4e6b961bdcf1e5d51fb8be;
d:/E-Book-new/E-book/DBMS, SQL/Oracle NetCracker/DB. Unit 1/DB. Unit 1/sql_05.ppt;192512;fee255d92c9e932318d104b4943d5a7722877ba771c6e0b751ed7f2db48ed99d;
d:/E-Book-new/E-book/DBMS, SQL/Oracle NetCracker/DB. Unit 2/DB. Unit 2/1. Создание структур данных в SQL.doc;25088;1808eec2c1366727c8660087f7ca73c141eb1238921d1654331cd109cbb9a6b9;
d:/E-Book-new/E-book/DBMS, SQL/Oracle NetCracker/DB. Unit 2/DB. Unit 2/sql_08.ppt;225792;b1e911c2d6f53e19fa76e69ea86ba278d77f72e7175c6e6f07c30eeed8610e66;
d:/E-Book-new/E-book/DBMS, SQL/Oracle NetCracker/DB. Unit 2/DB. Unit 2/sql_09.ppt;942592;33b49bccf929283016ebf7a54deb43367ae808db03a7f9f534e7a8621b8c8219;
d:/E-Book-new/E-book/DBMS, SQL/Oracle NetCracker/DB. Unit 2/DB. Unit 2/sql_10.ppt;155648;02cc8c7e78cf1f230c8e13baf7d8525e54ccc478f08db13330fcfef03f275ed8;
d:/E-Book-new/E-book/DBMS, SQL/Oracle NetCracker/DB. Unit 2/DB. Unit 2/sql_11.ppt;178688;05b18f9aced0d97dba7edb0a5965ff963f5ba33228469208b9aec0e0ecc841ab;
d:/E-Book-new/E-book/DBMS, SQL/Oracle NetCracker/DB. Unit 3/DB. Unit 3/02. Иерархические запросы.ppt;165376;e04acefb3265d16cd6337cedf88bd15c6c5b9e07a8fad79ac1b53dd37631da3d;
d:/E-Book-new/E-book/DBMS, SQL/Oracle NetCracker/DB. Unit 3/DB. Unit 3/2. Выполнение запросов.doc;31744;9efadee6dd9bb62ab78cdbc4a93dbde825d77582bbd7fae4856291d7104486d4;
d:/E-Book-new/E-book/DBMS, SQL/Oracle NetCracker/DB. Unit 3/DB. Unit 3/sql_06.ppt;174080;b44df2d4fe9ced92e7e2173835d30c84f2cf63e9ab9d7a400a3e55cacce78fa5;
d:/E-Book-new/E-book/DBMS, SQL/Oracle NetCracker/DB. Unit 3/DB. Unit 3/sql_07.ppt;94720;ef285a898786355bfccc8c187f4808d0546f15b4f7aeb9181c2a1323124f67ac;
d:/E-Book-new/E-book/DBMS, SQL/Oracle NetCracker/DB. Unit 3/DB. Unit 3/sql_12.ppt;402944;bd27be9705757144ed253aabb4ede8d107839cf8cae30ec91730627633a22b68;
d:/E-Book-new/E-book/DBMS, SQL/Oracle NetCracker/DB. Unit 3/DB. Unit 3/sql_13.ppt;161280;fa5a481558e9fbf719ab364fed02971af436e5fbb5016e4b80916dcc1582eeab;
d:/E-Book-new/E-book/DBMS, SQL/Oracle NetCracker/DB. Unit 4/DB. Unit 4/3. Выполнение запросов.doc;32768;553e9d12e4867ccf9b5a948ee27c5f738a116497dcfcb36b5183cbd124d6576f;
d:/E-Book-new/E-book/DBMS, SQL/Oracle NetCracker/DB. Unit 4/DB. Unit 4/sql_16.ppt;1094144;aafc3f51a102c7fc4c0ce6108d15fd2970fdd3af4504314b1d0713545c6e9bb2;
d:/E-Book-new/E-book/DBMS, SQL/Oracle NetCracker/DB. Unit 4/DB. Unit 4/sql_17.ppt;476672;09292c86d3222b8b35747f4564708ef9a5a652ddb0ff5025ce42ddc15db5c592;
d:/E-Book-new/E-book/DBMS, SQL/Oracle NetCracker/DB. Unit 4/DB. Unit 4/sql_18.ppt;367104;a4e616691f5cfa414c46909d41ad31d6d80c51e8a203c4459850534e7a4dad61;
d:/E-Book-new/E-book/DBMS, SQL/Oracle NetCracker/DB. Unit 4/DB. Unit 4/sql_19.ppt;526848;3c741a1440fded0cf96a38da266585f855142a636d71cab28162a9d628b56831;
d:/E-Book-new/E-book/DBMS, SQL/Oracle NetCracker/DB. Unit 5/DB. Unit 5/03. Элементы PL-SQL.ppt;312320;34ef2d565e47ee3737ab3da9297346ff64a4114377851c9f59bfb5a2a53e00d9;
d:/E-Book-new/E-book/DBMS, SQL/Oracle NetCracker/DB. Unit 5/DB. Unit 5/4. Написание анонимных блоков на PLSQL.doc;31232;aee61aa4478f3b9f8c5ca49f99b6b49396ceee61927dffef4dfc0a4fa0083987;
d:/E-Book-new/E-book/DBMS, SQL/Oracle NetCracker/DB. Unit 6/DB. Unit 6/04. Элементы PL-SQL.ppt;292352;c505912e6de24b4d0b0bf96a3f26663724d16f689ae7fb1c51161d787fc302e8;
d:/E-Book-new/E-book/DBMS, SQL/Oracle NetCracker/DB. Unit 6/DB. Unit 6/5. Исключения, курсоры, записи, пакеты и триггеры в PLSQL.doc;32256;0c0ebd64f9dbe5fb3803b9ed5d7f4c1f277ab0788f5013f6bffb1e1fb1757c55;
d:/E-Book-new/E-book/DBMS, SQL/sql запросы для простых смертных/SQL запросы для простых смертных - Майкл Хернандес.pdf;25199804;863883b6b233d9ddef31201aa83101311aa6e469bd7c8aac5d11e55a52efc2e6;
d:/E-Book-new/E-book/DBMS, SQL/sql запросы для простых смертных/sqlmortals.rar;12152399;2b9d985938732bddd1fbf203f575b83de9cfd037437ab4eee6c4cbada681ddbc;
d:/E-Book-new/E-book/DBMS, SQL/Семь баз данных за семь недель/Семь баз данных за семь недель.pdf;5351083;4c55cc8e87af7bfe775fac70573c564ea14ccaaafd4d9b821ae1d39cfbd6dc7d;
d:/E-Book-new/E-book/DBMS, SQL/Семь баз данных за семь недель/Семь баз данных за семь недель.rtf;37780675;c706865f90ddaedef8d483d1963f6348bb8da35f1ea6e5c9d8e84b16697a9953;
